Day/Hour,0,1,2,3,4,5,6,7,8,9,10,11,12,13,14,15,16,17,18,19,20,21,22,23
1,0,0,0,0,0,0,0,0.017414732,0.135359935,0.302801337,0.257256151,0.203591354,0.216978199,0.254880732,0.187833563,0.064606718,0.020669185,0,0,0,0,0,0,0
2,0,0,0,0,0,0,0,0.032747137,0.27736596,0.512268721,0.694287668,0.802059742,0.826225404,0.7672751,0.624906704,0.417836325,0.171817983,0,0,0,0,0,0,0
3,0,0,0,0,0,0,0,0.000820768,0.196028517,0.343504966,0.514325001,0.669992194,0.6266866,0.607866327,0.33503388,0.221746085,0.004479455,0,0,0,0,0,0,0
4,0,0,0,0,0,0,0,0.006549232,0.029712271,0.036382605,0.088338622,0.195175979,0.255619072,0.315877819,0.270903996,0.163118302,0.042057412,0,0,0,0,0,0,0
5,0,0,0,0,0,0,0,0.036178428,0.284212255,0.520524266,0.705092056,0.813752722,0.83563603,0.772819875,0.627832932,0.419194844,0.173712462,0,0,0,0,0,0,0
6,0,0,0,0,0,0,0,0.000373191,0.076076798,0.171679935,0.229067522,0.201003848,0.303683185,0.164198025,0.110871263,0.067397213,0.002374325,0,0,0,0,0,0,0
7,0,0,0,0,0,0,0,0.021599537,0.128195931,0.159468166,0.27892219,0.30423374,0.101291962,0.040078721,0.031532396,0.022786263,0.037653467,0,0,0,0,0,0,0
8,0,0,0,0,0,0,0,0.039870547,0.286133732,0.52172419,0.70744745,0.819949359,0.846210233,0.783823874,0.644984172,0.434778159,0.182585189,0,0,0,0,0,0,0
9,0,0,0,0,0,0,0,0.005032917,0.01221995,0.044777412,0.060481174,0.060627759,0.091379576,0.10145509,0.079621952,0.046398289,0.020011307,0,0,0,0,0,0,0
10,0,0,0,0,0,0,0,0.000913507,0.148872811,0.265111456,0.27125256,0.456664417,0.500724428,0.467682157,0.369880001,0.279360794,0.005227701,0,0,0,0,0,0,0
11,0,0,0,0,0,0,0,0.044060427,0.290130155,0.528891035,0.71486326,0.820276866,0.839423145,0.779410539,0.635226564,0.427901642,0.182716554,0,0,0,0,0,0,0
12,0,0,0,0,0,0,0,0.045505845,0.29257509,0.527060525,0.703963665,0.806071987,0.830279438,0.76830931,0.631046988,0.426230766,0.182450136,0,0,0,0,0,0,0
13,0,0,0,0,0,0,0,0.001409665,0.005942638,0.018613444,0.02364063,0.027592655,0.052855012,0.033465695,0.018015682,0.006099732,0.003726138,0,0,0,0,0,0,0
14,0,0,0,0,0,0,0,0.049586926,0.296592556,0.527930598,0.704744011,0.810794089,0.836534067,0.779226451,0.64377833,0.438066631,0.19059306,0,0,0,0,0,0,0
15,0,0,0,0,0,0,0,0.002244101,0.004199365,0.003454871,0.013095038,0.017246612,0.011011953,0.023443008,0.016196533,0.009717115,0.003105928,0,0,0,0,0,0,0
16,0,0,0,0,0,0,0,0.053367736,0.302104508,0.539200128,0.720110794,0.827175293,0.855632713,0.792089897,0.650033363,0.443477295,0.193238448,0,0,0,0,0,0,0
17,0,0,0,0,0,0,0,0.010067651,0.08576328,0.166634948,0.234161002,0.130896365,0.128961203,0.116414704,0.024819409,0.015008086,0.007202333,0,0,0,0,0,0,0
18,0,0,0,0,0,0,0,0.057237757,0.307100798,0.545345312,0.72692921,0.836952066,0.860541079,0.801282413,0.658825307,0.448812325,0.198379072,0,0,0,0,0,0,0
19,0,0,0,0,0,0,0,0.058659805,0.304056061,0.539271156,0.720937658,0.832934596,0.857099714,0.798934499,0.655798107,0.448205048,0.199922649,0,0,0,0,0,0,0
20,0,0,0,0,0,0,0,0.056388554,0.284913365,0.485913022,0.625066949,0.679445048,0.544394081,0.51006935,0.41017616,0.27151439,0.125275235,0,0,0,0,0,0,0
21,0,0,0,0,0,0,0,0.064794841,0.317291827,0.555438081,0.736808735,0.8442989,0.868814568,0.803039264,0.661881849,0.454615383,0.203626209,0,0,0,0,0,0,0
22,0,0,0,0,0,0,0,0.001831091,0.18094077,0.365789957,0.530990547,0.551082735,0.640714181,0.686047257,0.605044211,0.408886736,0.191298991,0,0,0,0,0,0,0
23,0,0,0,0,0,0,0,0.067562934,0.314472188,0.55699679,0.740741998,0.843014915,0.867941935,0.808935775,0.669373656,0.456355299,0.207062698,0,0,0,0,0,0,0
24,0,0,0,0,0,0,0,0.000400157,0.034491301,0.065957819,0.04993375,0.067741116,0.06096766,0.019931228,0.024110757,0.018328424,0.004335878,0,0,0,0,0,0,0
25,0,0,0,0,0,0,0,0.017706035,0.03747957,0.109774209,0.094864844,0.086082882,0.062728228,0.080516987,0.027498609,0.031892343,0.009723906,0,0,0,0,0,0,0
26,0,0,0,0,0,0,0,0.012287832,0.038079427,0.100608842,0.148998007,0.188322181,0.20174389,0.176695288,0.12960557,0.076006886,0.027037017,0,0,0,0,0,0,0
27,0,0,0,0,0,0,0,0.001368573,0.149139211,0.181989616,0.149260373,0.158916662,0.084343623,0.064812944,0.037042339,0.034452305,0.02048436,0,0,0,0,0,0,0
28,0,0,0,0,0,0,0,0.020134421,0.033925672,0.043885562,0.142043139,0.147617386,0.139113916,0.119089572,0.032067525,0.022468589,0.015694749,0,0,0,0,0,0,0
29,0,0,0,0,0,0,0,0.006311774,0.008997223,0.012830343,0.031573727,0.024518964,0.012010985,0.008578755,0.003791253,0.002766772,0.001299085,0,0,0,0,0,0,0
30,0,0,0,0,0,0,0,0.04399366,0.202524728,0.373402339,0.447559458,0.555826894,0.597753874,0.46769686,0.301750701,0.153277355,0.08391733,0,0,0,0,0,0,0
31,0,0,0,0,0,0,0,0.073502278,0.232617929,0.445102406,0.535103561,0.626714631,0.588038987,0.646159703,0.420770609,0.256614907,0.125569396,0,0,0,0,0,0,0
32,0,0,0,0,0,0,0,0.000491504,0.09054136,0.095239921,0.210793852,0.324051211,0.210796136,0.201265672,0.099946017,0.159558685,0.102903168,0,0,0,0,0,0,0
33,0,0,0,0,0,0,0,0.002240906,0.230374029,0.360682178,0.3659838,0.437281323,0.556413161,0.388341909,0.289386346,0.209300063,0.158624904,0,0,0,0,0,0,0
34,0,0,0,0,0,0,0,0.001919966,0.174318527,0.163028065,0.173899222,0.185957563,0.202606375,0.156547206,0.082406086,0.068864437,0.034337877,0,0,0,0,0,0,0
35,0,0,0,0,0,0,0,0.003191171,0.315193906,0.556237143,0.728863433,0.8403441,0.864685235,0.81200677,0.675493014,0.464159388,0.234627987,0,0,0,0,0,0,0
36,0,0,0,0,0,0,0,0.003800113,0.334847114,0.573701584,0.752793432,0.878051086,0.90642887,0.840193515,0.682022805,0.47895241,0.231298247,0.000517285,0,0,0,0,0,0
37,0,0,0,0,0,0,0,0.002683264,0.243021995,0.395687003,0.485700186,0.529525029,0.572105239,0.38566409,0.183215549,0.140587329,0.072489314,0.000118204,0,0,0,0,0,0
38,0,0,0,0,0,0,0,0.104210505,0.352987447,0.592307268,0.772383299,0.881957335,0.907573401,0.843296996,0.702136417,0.494419554,0.242779479,0.016454844,0,0,0,0,0,0
39,0,0,0,0,0,0,0,0.10520588,0.351456829,0.586407447,0.76482057,0.874878411,0.904324419,0.84446192,0.702057661,0.493910499,0.246714842,0.018514168,0,0,0,0,0,0
40,0,0,0,0,0,0,0,0.00139345,0.1540452,0.335046075,0.371200654,0.614088679,0.51914982,0.537112251,0.540667702,0.245896694,0.135489153,0.000515163,0,0,0,0,0,0
41,0,0,0,0,0,0,0,0.109557646,0.354992232,0.588163537,0.766378219,0.875994463,0.899705304,0.84199445,0.705149782,0.496826271,0.24906082,0.022254477,0,0,0,0,0,0
42,0,0,0,0,0,0,0,0.002886416,0.276530478,0.471806848,0.552256962,0.610959257,0.739365882,0.611149678,0.481625708,0.401328977,0.185422182,0.000755711,0,0,0,0,0,0
43,0,0,0,0,0,0,0,0.117571069,0.369562337,0.605653018,0.791918014,0.90330162,0.932688081,0.872394091,0.727740624,0.515051921,0.261364888,0.027374569,0,0,0,0,0,0
44,0,0,0,0,0,0,0,0.074105285,0.288409891,0.535547884,0.645225731,0.818958672,0.875859239,0.824747714,0.716174717,0.500223486,0.254243256,0.001140799,0,0,0,0,0,0
45,0,0,0,0,0,0,0,0.046047377,0.164210823,0.305667377,0.346911391,0.277025978,0.258719801,0.451062636,0.271644584,0.212995841,0.092217931,0.015308285,0,0,0,0,0,0
46,0,0,0,0,0,0,0,0.048595691,0.114498078,0.233220271,0.317131713,0.31178809,0.293337034,0.266856213,0.307354694,0.300529511,0.12617141,0.00061768,0,0,0,0,0,0
47,0,0,0,0,0,0,0,0.094157786,0.255667601,0.482561369,0.616584337,0.615489904,0.603963559,0.720959931,0.495917246,0.278488429,0.169497912,0.022930473,0,0,0,0,0,0
48,0,0,0,0,0,0,0,0.129745965,0.382941039,0.624022322,0.806031791,0.919262804,0.94155283,0.882874924,0.736801646,0.524455835,0.270657577,0.03866957,0,0,0,0,0,0
49,0,0,0,0,0,0,0,0.005075239,0.013325051,0.040425917,0.072960891,0.068758844,0.043351626,0.024167643,0.02535099,0.039191639,0.03698971,0.007651295,0,0,0,0,0,0
50,0,0,0,0,0,0,0,0.131570917,0.379780909,0.614373,0.793053907,0.903268119,0.924805514,0.866192075,0.722860141,0.515182545,0.269787505,0.042301048,0,0,0,0,0,0
51,0,0,0,0,0,0,0,0.085645995,0.254959578,0.437522199,0.55610141,0.604582066,0.617369336,0.636051401,0.59309133,0.417728048,0.228237549,0.001456072,0,0,0,0,0,0
52,0,0,0,0,0,0,0,0.139267278,0.390811368,0.6215328,0.806289243,0.91038943,0.930338467,0.867983192,0.72760179,0.519958691,0.274990711,0.046971346,0,0,0,0,0,0
53,0,0,0,0,0,0,0,0.140934101,0.391403022,0.631379317,0.816003413,0.928915977,0.95393101,0.89368082,0.748832152,0.53646532,0.281640011,0.049618744,0,0,0,0,0,0
54,0,0,0,0,0,0,0,0.14325999,0.395975237,0.631829611,0.815302347,0.930065471,0.954820793,0.897205758,0.752763181,0.54318258,0.289063609,0.053093991,0,0,0,0,0,0
55,0,0,0,0,0,0,0,0.124611888,0.307726548,0.526070903,0.596422565,0.610631631,0.801441228,0.775209808,0.665795255,0.439461046,0.236731719,0.002038166,0,0,0,0,0,0
56,0,0,0,0,0,0,0,0.149702552,0.402173535,0.641663527,0.826277203,0.92971199,0.956849526,0.898114649,0.757453298,0.54099493,0.287872708,0.055763253,0,0,0,0,0,0
57,0,0,0,0,0,0,0,0.149783516,0.401197675,0.636230759,0.816719573,0.927424797,0.953334746,0.886468676,0.749030797,0.544034831,0.294445318,0.059141595,0,0,0,0,0,0
58,0,0,0,0,0,0,0,0.006571379,0.043504679,0.07539056,0.104359727,0.097199401,0.139922961,0.107812568,0.074103416,0.058459002,0.024622231,0.003235102,0,0,0,0,0,0
59,0,0,0,0,0,0,0,0.058930471,0.145199976,0.375875879,0.550918426,0.609751967,0.659304733,0.783375655,0.721675625,0.545043164,0.29769836,0.063056622,0,0,0,0,0,0
60,0,0,0,0,0,0,0,0.13373539,0.34925861,0.621306799,0.779676762,0.856209109,0.776328166,0.800421839,0.573364195,0.378102788,0.264063921,0.060092875,0,0,0,0,0,0
61,0,0,0,0,0,0,0,0.051895421,0.186231121,0.39108079,0.576178511,0.629150385,0.652444532,0.599282279,0.521280616,0.435401439,0.254922455,0.05703177,0,0,0,0,0,0
62,0,0,0,0,0,0,0,0.161005,0.41241319,0.64759189,0.832040957,0.941939114,0.962620812,0.900585665,0.75742184,0.548433165,0.302310332,0.068333552,0,0,0,0,0,0
63,0,0,0,0,0,0,0,0.160948016,0.408851306,0.642147258,0.823803345,0.935089093,0.956913722,0.893132331,0.753234056,0.547105255,0.302081068,0.069638989,0,0,0,0,0,0
64,0,0,0,0,0,0,0,0.073810744,0.180160241,0.203880757,0.161750499,0.134925503,0.188922901,0.133328546,0.068143186,0.065074036,0.089461041,0.017565651,0,0,0,0,0,0
65,0,0,0,0,0,0,0,0.166979901,0.418744058,0.654019833,0.835973638,0.941759655,0.963644807,0.898831192,0.760724075,0.552647825,0.306497027,0.072956429,0,0,0,0,0,0
66,0,0,0,0,0,0,0,0.040943211,0.076474173,0.078189283,0.13119759,0.14766861,0.070479301,0.057392051,0.050436578,0.047640912,0.045659714,0.017300057,0,0,0,0,0,0
67,0,0,0,0,0,0,0,0.078643359,0.180168992,0.163823595,0.336001832,0.242525082,0.2016659,0.108852955,0.175878701,0.121938566,0.065763806,0.014064468,0,0,0,0,0,0
68,0,0,0,0,0,0,0,0.089206853,0.193012093,0.306558331,0.53680868,0.562825424,0.432941901,0.401904664,0.536548329,0.285656992,0.15642728,0.026148684,0,0,0,0,0,0
69,0,0,0,0,0,0,0,0.119866677,0.268169446,0.255180445,0.40878624,0.339647221,0.297507469,0.337773241,0.146673145,0.126991756,0.079264818,0.027887756,0,0,0,0,0,0
70,0,0,0,0,0,0,0.003144433,0.099400206,0.282770159,0.517478202,0.60261922,0.71545514,0.553310711,0.556013221,0.408173953,0.195037123,0.102619319,0.013124831,0,0,0,0,0,0
71,0,0,0,0,0,0,0.000520988,0.031865842,0.097962542,0.152620801,0.206754402,0.273089391,0.295145739,0.283530408,0.24909322,0.159294777,0.077800026,0.01418731,0,0,0,0,0,0
72,0,0,0,0,0,0,0.005095875,0.181076071,0.432384481,0.668921434,0.849022234,0.957883664,0.98983313,0.930414051,0.786410401,0.575214394,0.325658956,0.087178387,0,0,0,0,0,0
73,0,0,0,0,0,0,0.005808884,0.183101451,0.434790515,0.671360804,0.849290476,0.954982066,0.990002251,0.929651048,0.788480793,0.575038334,0.324353479,0.088471847,0,0,0,0,0,0
74,0,0,0,0,0,0,0.002562916,0.050550148,0.149025394,0.200257011,0.291502928,0.446502822,0.411792318,0.302394283,0.244481348,0.15623415,0.106532473,0.025614237,0,0,0,0,0,0
75,0,0,0,0,0,0,0.00712818,0.184767888,0.437292399,0.669399475,0.847493871,0.953764214,0.970298536,0.908969398,0.77134419,0.568852662,0.322298492,0.089207652,0,0,0,0,0,0
76,0,0,0,0,0,0,0.00282733,0.063485992,0.146273616,0.206949188,0.297133753,0.427871179,0.693423166,0.699870606,0.590006905,0.460858133,0.269329606,0.08301702,0,0,0,0,0,0
77,0,0,0,0,0,0,0.008443182,0.185397753,0.432234493,0.663985969,0.841840734,0.951313764,0.972003546,0.913270736,0.777809011,0.573890888,0.327979058,0.092794848,0,0,0,0,0,0
78,0,0,0,0,0,0,0.009253557,0.190074635,0.441261452,0.674956971,0.85677083,0.962380156,0.99372296,0.935790202,0.788976184,0.5826556,0.334340162,0.095353104,0,0,0,0,0,0
79,0,0,0,0,0,0,0.0007568,0.027741191,0.064106776,0.109603977,0.113317567,0.077111404,0.036288248,0.038645033,0.04851994,0.037952294,0.014779067,0.007954877,0,0,0,0,0,0
80,0,0,0,0,0,0,0.003239016,0.077037872,0.161277575,0.188711277,0.353041567,0.542623507,0.598623424,0.505127472,0.38728778,0.329125571,0.225032896,0.085947878,0,0,0,0,0,0
81,0,0,0,0,0,0,0.003610623,0.073590415,0.114344728,0.12643185,0.21120461,0.397834556,0.526045772,0.495851125,0.378647957,0.432236004,0.192543633,0.055052459,0,0,0,0,0,0
82,0,0,0,0,0,0,0.011789971,0.192547755,0.439589638,0.67488796,0.851167137,0.95767763,0.981880301,0.921879156,0.78925123,0.585150311,0.338362393,0.099965796,0,0,0,0,0,0
83,0,0,0,0,0,0,0.00623779,0.109316551,0.218543009,0.302602061,0.294884012,0.327370272,0.474167488,0.435114025,0.482818896,0.361111312,0.266515414,0.079022544,0,0,0,0,0,0
84,0,0,0,0,0,0,0.010164029,0.105625888,0.252359602,0.408836361,0.432020614,0.363838366,0.563531055,0.552782221,0.549704293,0.49536997,0.277241049,0.072797809,0,0,0,0,0,0
85,0,0,0,0,0,0,0.013830374,0.200392042,0.450978234,0.681805684,0.862981448,0.970063434,0.995072758,0.940473787,0.799597841,0.589610062,0.343166379,0.104370517,0,0,0,0,0,0
86,0,0,0,0,0,0,0.014271193,0.199896928,0.448827915,0.681275479,0.860573102,0.965322664,0.985913627,0.92926158,0.787942901,0.583791382,0.339919888,0.104417639,0,0,0,0,0,0
87,0,0,0,0,0,0,0.002170162,0.013607802,0.034711569,0.034056999,0.028843847,0.046907165,0.03817944,0.020668607,0.028305397,0.004654992,0.007688916,0.005795821,0,0,0,0,0,0
88,0,0,0,0,0,0,0.013602893,0.177079162,0.388630011,0.503194271,0.448969433,0.670149036,0.758447582,0.787876354,0.623192532,0.496723544,0.237521586,0.086549525,0,0,0,0,0,0
89,0,0,0,0,0,0,0.009075614,0.109394149,0.15075134,0.347636803,0.396671903,0.328961998,0.495019984,0.336773541,0.244071279,0.227150753,0.125683826,0.025156603,0,0,0,0,0,0
90,0,0,0,0,0,0,0.016480594,0.204985816,0.451004866,0.679544554,0.853144552,0.966760107,0.992124175,0.930726931,0.791672352,0.59078634,0.347365445,0.109439468,0,0,0,0,0,0
91,0,0,0,0,0,0,0.015206333,0.097383461,0.205454241,0.28188713,0.328355342,0.370606477,0.354030753,0.339401978,0.319536176,0.248107137,0.15965745,0.064660512,0,0,0,0,0,0
92,0,0,0,0,0,0,0.004601308,0.081522425,0.194514893,0.199046629,0.194866331,0.235398289,0.141142122,0.161781797,0.086417962,0.096328971,0.048593895,0.016054008,0,0,0,0,0,0
93,0,0,0,0,0,0,0.004177207,0.044820149,0.145174689,0.384145853,0.506875392,0.579056977,0.680636216,0.693227088,0.619239968,0.370015147,0.163353629,0.029489163,9.79E-09,0,0,0,0,0
94,0,0,0,0,0,0,0.018032503,0.208157541,0.451443139,0.679057139,0.85619534,0.961530038,0.983295523,0.918719543,0.788512354,0.584055874,0.346464915,0.112923158,2.78E-06,0,0,0,0,0
95,0,0,0,0,0,0,0.009496218,0.133582365,0.213402761,0.425705892,0.464383486,0.611667502,0.672465095,0.635599056,0.705063149,0.535796512,0.30187021,0.10127455,1.83E-07,0,0,0,0,0
96,0,0,0,0,0,0,0.008013612,0.075451313,0.122523698,0.182912723,0.173941709,0.120363793,0.114729357,0.185111013,0.177349432,0.130487804,0.059270254,0.022456586,1.09E-07,0,0,0,0,0
97,0,0,0,0,0,0,0.019174245,0.210311453,0.451659958,0.672232442,0.843154119,0.946218305,0.966374412,0.907831174,0.775140529,0.578830717,0.343575102,0.113331431,1.31E-05,0,0,0,0,0
98,0,0,0,0,0,0,0.019949476,0.131995987,0.239798732,0.331966957,0.397256984,0.435073244,0.437453237,0.392896384,0.313942953,0.251994049,0.171221231,0.081072063,1.70E-05,0,0,0,0,0
99,0,0,0,0,0,0,0.019988955,0.213661075,0.462025332,0.692168707,0.870585782,0.975564289,1,0.940757421,0.802046714,0.598756191,0.356472672,0.118251716,2.42E-05,0,0,0,0,0
100,0,0,0,0,0,0,0.020360724,0.214980995,0.45941487,0.686817633,0.857865087,0.957448885,0.972387575,0.918991456,0.787496865,0.586592702,0.347366398,0.11686115,3.00E-05,0,0,0,0,0
101,0,0,0,0,0,0,0.007773258,0.09947635,0.188577267,0.21126353,0.284088706,0.448378066,0.492212801,0.495179963,0.371176252,0.314559978,0.147522991,0.044185164,6.24E-07,0,0,0,0,0
102,0,0,0,0,0,0,0.018518851,0.093569288,0.136880971,0.176556686,0.231595997,0.321977637,0.365953196,0.34131816,0.337881281,0.254166687,0.174395104,0.072758445,2.17E-05,0,0,0,0,0
103,0,0,0,0,0,0,0.016422944,0.186679858,0.387743685,0.646656383,0.808511844,0.930681171,0.9087141,0.875807477,0.730686359,0.494945651,0.257894325,0.077190611,1.11E-06,0,0,0,0,0
104,0,0,0,0,0,0,0.00576128,0.068918423,0.166111531,0.110215094,0.09565532,0.106397791,0.076034492,0.11376767,0.069130368,0.056367172,0.029965033,0.006356801,8.38E-08,0,0,0,0,0
105,0,0,0,0,0,0,0.005835317,0.057203459,0.131904822,0.284620067,0.369181862,0.399932036,0.463765405,0.35537412,0.21921037,0.150082043,0.036475304,0.007706716,8.10E-08,0,0,0,0,0
106,0,0,0,0,0,0,0.010808359,0.076600427,0.16739345,0.192034121,0.375200372,0.429517061,0.346875666,0.402193631,0.327506365,0.216330178,0.129715619,0.048408176,4.73E-05,0,0,0,0,0
107,0,0,0,0,0,0,0.018228001,0.183312352,0.326812679,0.506549972,0.702939584,0.666910255,0.771082236,0.596927905,0.586108619,0.469427148,0.332243618,0.11063623,3.51E-06,0,0,0,0,0
108,0,0,0,0,0,0,0.008120957,0.092097173,0.198834453,0.219223206,0.450381335,0.441866432,0.584846363,0.512577688,0.482168676,0.302177824,0.228992655,0.08116596,2.63E-06,0,0,0,0,0
109,0,0,0,0,0,0,0.00235731,0.025969515,0.049877501,0.095527913,0.12550417,0.339549228,0.317062086,0.145455689,0.097069517,0.104045885,0.051957417,0.032293634,4.10E-05,0,0,0,0,0
110,0,0,0,0,0,0,0.022781589,0.21915656,0.460628843,0.684052647,0.85599834,0.958778306,0.982365775,0.926675891,0.791617829,0.596002846,0.359961008,0.124959033,0.000123541,0,0,0,0,0
111,0,0,0,0,0,0,0.017047551,0.118051792,0.201235728,0.282324556,0.365458146,0.362935594,0.334966929,0.334879284,0.315236707,0.248951671,0.181792139,0.093073685,7.27E-05,0,0,0,0,0
112,0,0,0,0,0,0,0.004687916,0.077307007,0.153641021,0.243568026,0.299506749,0.43364772,0.595533816,0.505521164,0.585486033,0.443430282,0.293035056,0.096950765,3.91E-06,0,0,0,0,0
113,0,0,0,0,0,0,0.012738398,0.100636884,0.180798117,0.255802325,0.31825138,0.25827838,0.179684204,0.106981865,0.086864631,0.064444841,0.043703974,0.032094231,5.50E-05,0,0,0,0,0
114,0,0,0,0,0,0,0.015357674,0.111426827,0.213468577,0.447096613,0.584177933,0.57645807,0.439980801,0.451287559,0.363288266,0.316577106,0.203105814,0.080210422,4.23E-06,0,0,0,0,0
115,0,0,0,0,0,0,0.004829563,0.039313659,0.08305332,0.130929616,0.113798513,0.122614062,0.106949831,0.074497868,0.023243687,0.018197731,0.033710544,0.013783845,7.61E-07,0,0,0,0,0
116,0,0,0,0,0,0,0.006593809,0.039378199,0.04493119,0.056909408,0.071725535,0.111534674,0.160584781,0.118239168,0.084389016,0.159097804,0.120952811,0.030416309,1.84E-06,0,0,0,0,0
117,0,0,0,0,0,0,0.023545387,0.21640305,0.448102803,0.660962536,0.825470922,0.924976342,0.945037165,0.892405861,0.762788291,0.574302767,0.348554693,0.123882186,0.000203089,0,0,0,0,0
118,0,0,0,0,0,0,0.01408252,0.121858517,0.312739953,0.3294154,0.350477062,0.377002286,0.465703962,0.552729362,0.559678024,0.456330356,0.274677931,0.096891444,7.79E-06,0,0,0,0,0
119,0,0,0,0,0,0,0.018581629,0.184928776,0.317501392,0.547280128,0.667171665,0.761340072,0.646237073,0.500047743,0.460629192,0.401587372,0.225383452,0.075699701,0.000144341,0,0,0,0,0
120,0,0,0,0,0,0,0.024438783,0.222801919,0.459322165,0.676173443,0.838355344,0.936159236,0.953357624,0.89558861,0.77473412,0.58031334,0.353360073,0.126546906,0.000243805,0,0,0,0,0
121,0,0,0,0,0,0,0.013044122,0.132146861,0.267518752,0.32101295,0.388880887,0.395596213,0.533894386,0.584859992,0.383893834,0.252488155,0.168539049,0.055157454,3.57E-06,0,0,0,0,0
122,0,0,0,0,0,0,0.024459751,0.220958415,0.454147659,0.671229825,0.833297991,0.925530131,0.950990045,0.894815071,0.770024284,0.582125941,0.353911166,0.127087731,0.000269519,0,0,0,0,0
123,0,0,0,0,0,0,0.024863311,0.223609566,0.459323307,0.675911032,0.841040391,0.932423806,0.957295078,0.900064444,0.76871381,0.579209605,0.351807782,0.126853081,0.000280249,0,0,0,0,0
124,0,0,0,0,0,0,0.014331448,0.111136929,0.267983882,0.434379912,0.423885587,0.487411322,0.3997823,0.415611599,0.463337569,0.448764952,0.271492734,0.106615145,1.14E-05,0,0,0,0,0
125,0,0,0,0,0,0,0.0100181,0.048917809,0.082020836,0.134467333,0.22424419,0.265933306,0.228046457,0.198910431,0.081563847,0.081437764,0.037712148,0.034605466,0.000101434,0,0,0,0,0
126,0,0,0,0,0,0,0.010659889,0.126610455,0.194580195,0.306957356,0.486396793,0.386755826,0.314715619,0.327539244,0.286174332,0.361987701,0.23279108,0.085227692,6.73E-06,0,0,0,0,0
127,0,0,0,0,0,4.59E-07,0.02493125,0.220766399,0.451119426,0.66114706,0.825498486,0.920584028,0.946215117,0.885440261,0.761522176,0.572571734,0.351085441,0.127205132,0.00033272,0,0,0,0,0
128,0,0,0,0,0,1.99E-06,0.025065975,0.220569978,0.45129634,0.662340022,0.826295079,0.92038236,0.942623563,0.889959659,0.766907179,0.577269296,0.350962208,0.127232177,0.000343896,0,0,0,0,0
129,0,0,0,0,0,3.83E-06,0.025154258,0.221175671,0.451654772,0.664533844,0.834715398,0.929775319,0.952809562,0.897332999,0.769428646,0.580958652,0.35621384,0.129753414,0.000362074,0,0,0,0,0
130,0,0,0,0,0,1.53E-07,0.017566364,0.161685697,0.25294315,0.34138944,0.520760731,0.577088946,0.519350363,0.499150234,0.38397746,0.196902848,0.124619271,0.05182909,5.48E-06,0,0,0,0,0
131,0,0,0,0,0,8.40E-06,0.025235771,0.222358411,0.451862374,0.66462691,0.825289812,0.921889997,0.936155151,0.886814757,0.761129609,0.577460821,0.354395716,0.130242066,0.000389901,0,0,0,0,0
132,0,0,0,0,0,1.35E-07,0.009867045,0.097353279,0.163078051,0.25924494,0.291571437,0.267502472,0.316271777,0.305203446,0.280264977,0.2125444,0.111600785,0.03684748,2.85E-06,0,0,0,0,0
133,0,0,0,0,0,3.22E-07,0.009869002,0.062222153,0.220862677,0.321241862,0.213912332,0.193217301,0.193486562,0.214728893,0.185444575,0.126319994,0.065954574,0.021289579,2.79E-06,0,0,0,0,0
134,0,0,0,0,0,2.98E-07,0.011029821,0.08479326,0.177185186,0.192621803,0.416057652,0.519151537,0.578584235,0.623590244,0.524705252,0.365479314,0.248745812,0.087473666,1.06E-05,0,0,0,0,0
135,0,0,0,0,0,2.05E-05,0.024970737,0.21744002,0.440646582,0.648584617,0.805336699,0.898133052,0.923833381,0.87119366,0.749703224,0.567329755,0.347295414,0.127680256,0.00043133,0,0,0,0,0
136,0,0,0,0,0,1.83E-05,0.021965357,0.201794416,0.326605001,0.424249073,0.496311167,0.542793428,0.554921077,0.536167959,0.483793204,0.398722351,0.290170284,0.131429651,0.000448151,0,0,0,0,0
137,0,0,0,0,0,2.82E-05,0.025158741,0.220051124,0.446994263,0.652081049,0.812272992,0.900955965,0.921985763,0.867480389,0.744569244,0.565906668,0.347825151,0.128541193,0.000454234,0,0,0,0,0
138,0,0,0,0,0,1.62E-05,0.013881398,0.117869642,0.124411195,0.137352561,0.117637697,0.142657436,0.134522763,0.176878674,0.082977996,0.057241321,0.031756829,0.023447518,5.55E-05,0,0,0,0,0
139,0,0,0,0,0,3.65E-05,0.025301644,0.220321918,0.443780724,0.647651299,0.806397736,0.901122688,0.924372735,0.867255096,0.747982205,0.568913385,0.351143699,0.129825662,0.00048474,0,0,0,0,0
140,0,0,0,0,0,6.42E-07,0.006871241,0.053083173,0.096804472,0.096360104,0.152741275,0.286468128,0.372105298,0.324408042,0.366467797,0.284407628,0.204689842,0.091307878,1.07E-05,0,0,0,0,0
141,0,0,0,0,0,1.06E-06,0.012584703,0.108308887,0.191281911,0.391590507,0.44893827,0.630687194,0.568598141,0.532915588,0.516563762,0.427300183,0.22205941,0.096314606,1.45E-05,0,0,0,0,0
142,0,0,0,0,0,2.09E-05,0.007925528,0.07002222,0.110366649,0.135329907,0.165769536,0.113871162,0.173363056,0.144057996,0.174327382,0.12242154,0.117280151,0.030953512,0.000161691,0,0,0,0,0
143,0,0,0,0,0,1.13E-06,0.018171346,0.183231712,0.357709966,0.446415756,0.514633203,0.590204162,0.582864664,0.492864871,0.346054657,0.250218403,0.217248641,0.064449492,1.11E-05,0,0,0,0,0
144,0,0,0,0,0,5.92E-05,0.025305323,0.218586245,0.439535675,0.642605184,0.798969733,0.890105168,0.910674388,0.858124925,0.737361791,0.55816584,0.343307235,0.126892098,0.000521554,0,0,0,0,0
145,0,0,0,0,0,6.79E-07,0.006177199,0.055657359,0.084244491,0.124776476,0.195472614,0.157411311,0.197233155,0.122387289,0.179034742,0.181408346,0.099182637,0.032245799,7.10E-06,0,0,0,0,0
146,0,0,0,0,0,1.81E-06,0.015126869,0.145120064,0.251481426,0.22275937,0.272694452,0.176159185,0.194392761,0.218260496,0.099884042,0.044887986,0.016742616,0.00337178,8.44E-07,0,0,0,0,0
147,0,0,0,0,0,1.64E-06,0.012577015,0.144589103,0.347535475,0.449198306,0.590385395,0.634939702,0.554755358,0.540677275,0.498131506,0.419948452,0.294345893,0.109851894,1.92E-05,0,0,0,0,0
148,0,0,0,0,0,7.82E-05,0.025840758,0.222651213,0.446366256,0.65006635,0.80974893,0.900258087,0.917969417,0.867430801,0.746421707,0.567117049,0.350915952,0.130013765,0.000569174,0,0,0,0,0
149,0,0,0,0,0,3.40E-05,0.010832049,0.083272789,0.192026213,0.29014861,0.310289668,0.305725835,0.579000377,0.406866488,0.247737659,0.307271803,0.163657052,0.078690097,0.000350913,0,0,0,0,0
150,0,0,0,0,0,8.50E-05,0.025183418,0.217642529,0.435707906,0.636146141,0.791641381,0.8811956,0.902566569,0.85309786,0.730922406,0.554875596,0.343078684,0.127847238,0.000578616,0,0,0,0,0
151,0,0,0,0,0,5.58E-05,0.018424056,0.205845139,0.319663035,0.356883057,0.379085583,0.416541446,0.383546968,0.37327747,0.379064719,0.323521613,0.238639421,0.124329241,0.000243515,0,0,0,0,0
152,0,0,0,0,0,9.27E-05,0.025055342,0.216405307,0.433318027,0.636829696,0.791945253,0.884955281,0.908691993,0.854279489,0.73912009,0.559942251,0.345282523,0.129550801,0.000599352,0,0,0,0,0
153,0,0,0,0,0,5.49E-05,0.014777547,0.073770374,0.113656974,0.151735359,0.158583161,0.154314018,0.113339578,0.171529339,0.13402653,0.099674232,0.083672113,0.028188215,0.000236991,0,0,0,0,0
154,0,0,0,0,0,0.000102523,0.025418984,0.219261648,0.438423127,0.64050112,0.796192447,0.888517609,0.910421247,0.853913426,0.73328267,0.555825647,0.342755892,0.128052776,0.000610403,0,0,0,0,0
155,0,0,0,0,0,0.000105247,0.025366866,0.218425893,0.436762008,0.637902008,0.790856628,0.876460297,0.901045629,0.854472338,0.736819189,0.558191481,0.34608558,0.128890751,0.000617252,0,0,0,0,0
156,0,0,0,0,0,0.00010916,0.025446307,0.217105869,0.433182895,0.635368384,0.789746716,0.877044791,0.897593265,0.84709237,0.728397589,0.554669988,0.341973229,0.128780424,0.000627798,0,0,0,0,0
157,0,0,0,0,0,8.02E-05,0.017857697,0.206012079,0.299329762,0.368335895,0.393038654,0.461542953,0.475298063,0.484780387,0.412457721,0.38586044,0.287607937,0.129228733,0.000544025,0,0,0,0,0
158,0,0,0,0,0,0.000116204,0.025393944,0.21977388,0.436497727,0.63554292,0.786451508,0.867188376,0.886592369,0.840577998,0.726298961,0.551108661,0.3398639,0.127351788,0.00062856,0,0,0,0,0
159,0,0,0,0,0,3.47E-06,0.020329877,0.192979308,0.351096569,0.49542396,0.531141174,0.537479265,0.581800731,0.43967527,0.438910474,0.353112484,0.203827561,0.084274407,2.19E-05,0,0,0,0,0
160,0,0,0,0,0,1.73E-06,0.008866766,0.082309678,0.223759122,0.258453648,0.286891594,0.411336905,0.35687697,0.309044551,0.201761339,0.356643111,0.189751852,0.097258207,2.00E-05,0,0,0,0,0
161,0,0,0,0,0,6.02E-05,0.015292273,0.103625065,0.231220816,0.43006991,0.558084679,0.587457262,0.637942726,0.653344647,0.520534472,0.438627452,0.268671757,0.111043385,0.00058006,0,0,0,0,0
162,0,0,0,0,0,2.90E-06,0.013423174,0.086747381,0.157273316,0.24210863,0.265948737,0.367318004,0.280621086,0.199111124,0.134838103,0.130601563,0.08432684,0.041260098,1.06E-05,0,0,0,0,0
163,0,0,0,0,0,0.000129839,0.025364847,0.218190712,0.434271653,0.630249764,0.783979543,0.872791897,0.89121303,0.844010261,0.727810853,0.554438135,0.341849436,0.128056649,0.000652927,0,0,0,0,0
164,0,0,0,0,0,3.49E-06,0.019858042,0.1740667,0.26051524,0.33154725,0.531962159,0.546499182,0.509035338,0.519478043,0.547578717,0.391228321,0.201229505,0.093026354,1.70E-05,0,0,0,0,0
165,0,0,0,0,0,1.79E-06,0.010170684,0.098166382,0.219907041,0.304830159,0.247107817,0.225381964,0.146920193,0.121191672,0.221366108,0.122908881,0.131572647,0.038801341,6.67E-06,0,0,0,0,0
166,0,0,0,0,0,4.09E-05,0.008620914,0.182217148,0.231586621,0.237716004,0.228476605,0.157221373,0.124227249,0.170393907,0.127142044,0.165736037,0.17677779,0.103615592,5.57E-05,0,0,0,0,0
167,0,0,0,0,0,0.000136433,0.025364684,0.218173153,0.43343443,0.627360312,0.777133393,0.861592982,0.880988125,0.831246422,0.717549264,0.546667015,0.339465698,0.126972376,0.000657021,0,0,0,0,0
168,0,0,0,0,0,2.44E-06,0.013489269,0.146404991,0.316802605,0.371132587,0.249845784,0.292235331,0.200670237,0.099667623,0.189967763,0.091458793,0.050156416,0.017824902,2.78E-06,0,0,0,0,0
169,0,0,0,0,0,0.000138933,0.025658779,0.219835107,0.438380075,0.635727881,0.791624177,0.880409596,0.907696837,0.853335671,0.737740157,0.557532856,0.346340544,0.129994496,0.000677508,0,0,0,0,0
170,0,0,0,0,0,0.000137119,0.025089529,0.215341049,0.429484574,0.625067621,0.771787831,0.859072329,0.87777141,0.830352703,0.71581391,0.543122422,0.33578827,0.125869066,0.000658528,0,0,0,0,0
171,0,0,0,0,0,5.68E-05,0.013747391,0.140817247,0.268996338,0.294482191,0.428235882,0.387569045,0.391664014,0.394982503,0.350227171,0.303994554,0.180822834,0.06847298,0.000396006,0,0,0,0,0
172,0,0,0,0,0,9.69E-05,0.022378573,0.212714191,0.328918867,0.408066926,0.494660779,0.518281169,0.487758669,0.435674742,0.410162079,0.366342798,0.279188349,0.127868327,0.000533218,0,0,0,0,0
173,0,0,0,0,0,0.000139402,0.025490691,0.219224979,0.43821953,0.633671623,0.785922073,0.868903423,0.896562679,0.847249349,0.734706523,0.552339435,0.341792879,0.128059908,0.000677141,0,0,0,0,0
174,0,0,0,0,0,0.000137015,0.025069384,0.216926483,0.435227416,0.631185918,0.786646895,0.873427859,0.895117352,0.847090969,0.733971131,0.559325459,0.346012465,0.129168904,0.000675093,0,0,0,0,0
175,0,0,0,0,0,0.000138153,0.025337294,0.217120964,0.433861134,0.639447288,0.791282098,0.879551652,0.902972091,0.849845357,0.733449001,0.55690685,0.343641777,0.12880826,0.000671219,0,0,0,0,0
176,0,0,0,0,0,3.00E-06,0.012927761,0.122762548,0.199690201,0.310421731,0.412729302,0.481717482,0.674888297,0.693717947,0.517761536,0.264861951,0.199180543,0.065846548,1.11E-05,0,0,0,0,0
177,0,0,0,0,0,2.75E-06,0.01522888,0.099032433,0.179518121,0.245971109,0.245571161,0.202971043,0.317354336,0.30385667,0.362613672,0.286937723,0.168739974,0.101787484,1.91E-05,0,0,0,0,0
178,0,0,0,0,0,0.000134153,0.025135371,0.215864445,0.431009623,0.626453422,0.774762445,0.86268464,0.881760723,0.831502728,0.71661195,0.544868253,0.336961306,0.126764357,0.000657187,0,0,0,0,0
179,0,0,0,0,0,2.93E-06,0.011549533,0.051336636,0.086441878,0.150711094,0.238822884,0.296336788,0.254274342,0.169748595,0.152789535,0.154065614,0.101128666,0.030253574,9.28E-06,0,0,0,0,0
180,0,0,0,0,0,3.10E-05,0.006372096,0.041027276,0.0450504,0.033935892,0.017623826,0.019872555,0.027062741,0.04277098,0.074009147,0.088326163,0.053811353,0.043387116,0.000183126,0,0,0,0,0
181,0,0,0,0,0,3.75E-06,0.016529123,0.156116663,0.278650635,0.406376486,0.510971849,0.614553572,0.482284432,0.438328728,0.506522426,0.395253229,0.256432464,0.099528668,1.82E-05,0,0,0,0,0
182,0,0,0,0,0,0.000128072,0.025293695,0.217485918,0.43511124,0.635313465,0.789543683,0.879192213,0.895374395,0.846926353,0.724246093,0.54821074,0.3418391,0.128030552,0.000646671,0,0,0,0,0
183,0,0,0,0,0,8.38E-05,0.017757688,0.132436103,0.186210308,0.285907845,0.333202107,0.384210684,0.436018632,0.382540259,0.332806607,0.223519338,0.146536402,0.047082242,0.000400189,0,0,0,0,0
184,0,0,0,0,0,3.02E-06,0.015837023,0.142282033,0.222757154,0.275635474,0.357838702,0.348055502,0.281287336,0.151524799,0.195484208,0.083845319,0.042050974,0.036854179,6.85E-06,0,0,0,0,0
185,0,0,0,0,0,2.40E-06,0.015664323,0.115799264,0.230619324,0.300344555,0.355155889,0.485518911,0.591575093,0.643060481,0.619056296,0.512794391,0.326872519,0.123840706,2.50E-05,0,0,0,0,0
186,0,0,0,0,0,4.85E-05,0.012283408,0.190425264,0.291216877,0.317784215,0.335519482,0.238269378,0.255073442,0.264079484,0.244447469,0.259433666,0.233167115,0.116934439,0.000302776,0,0,0,0,0
187,0,0,0,0,0,4.93E-05,0.014071565,0.196025602,0.244323312,0.266656962,0.277846736,0.327856794,0.363981206,0.378148317,0.367676538,0.332727008,0.225758458,0.115604919,0.00016984,0,0,0,0,0
188,0,0,0,0,0,6.13E-05,0.01283647,0.106554701,0.217674436,0.280785165,0.353635413,0.297332417,0.17445738,0.248705446,0.251929972,0.220732782,0.110356157,0.04082947,0.000258341,0,0,0,0,0
189,0,0,0,0,0,4.88E-05,0.013902147,0.191867639,0.260972014,0.332874045,0.358704862,0.401482058,0.368823116,0.308066601,0.236520577,0.211242874,0.191367359,0.108131903,0.00012766,0,0,0,0,0
190,0,0,0,0,0,2.46E-06,0.017075869,0.173531114,0.382331844,0.519029194,0.670503546,0.691727225,0.654247404,0.685626567,0.53378804,0.399783529,0.225117108,0.102045973,1.85E-05,0,0,0,0,0
191,0,0,0,0,0,5.55E-05,0.014792948,0.086690943,0.208605847,0.293714661,0.25130542,0.401640534,0.214995356,0.233996118,0.143003097,0.141953583,0.079400262,0.030707626,0.000161377,0,0,0,0,0
192,0,0,0,0,0,3.84E-05,0.015624731,0.108161877,0.254998028,0.218735044,0.273765193,0.357326851,0.415847807,0.385069543,0.488591878,0.447485411,0.266866995,0.088571302,0.000400949,0,0,0,0,0
193,0,0,0,0,0,2.19E-06,0.017604572,0.113359192,0.198098606,0.298285346,0.34377777,0.487143626,0.442367262,0.487306262,0.274864974,0.191231669,0.09748466,0.039792315,8.46E-06,0,0,0,0,0
194,0,0,0,0,0,8.68E-05,0.025127101,0.216117767,0.432844158,0.630760649,0.781575563,0.872661713,0.891825221,0.839832247,0.722740174,0.549180371,0.338348827,0.126094359,0.000574476,0,0,0,0,0
195,0,0,0,0,0,8.31E-05,0.025233695,0.218326149,0.440178691,0.642790378,0.799198755,0.892641466,0.909435303,0.859099299,0.737564248,0.561630442,0.345157719,0.127381891,0.000571482,0,0,0,0,0
196,0,0,0,0,0,7.80E-05,0.025080777,0.216757954,0.435607956,0.636295339,0.792673667,0.883322774,0.90245598,0.851273455,0.731025646,0.55886694,0.346716566,0.128506277,0.0005695,0,0,0,0,0
197,0,0,0,0,0,2.87E-06,0.02457468,0.217543945,0.436296657,0.638653404,0.796275017,0.890713379,0.913982592,0.869293699,0.748923307,0.567232293,0.346284514,0.127501773,2.25E-05,0,0,0,0,0
198,0,0,0,0,0,3.62E-05,0.014887615,0.104053894,0.178377768,0.183925423,0.191264866,0.248220513,0.240780823,0.285294858,0.255160621,0.204171035,0.160729511,0.069334097,0.000285015,0,0,0,0,0
199,0,0,0,0,0,6.57E-05,0.025274732,0.218324918,0.438633412,0.642084116,0.79533469,0.883871751,0.901533125,0.848334678,0.729949429,0.555673907,0.341129584,0.126771897,0.000536168,0,0,0,0,0
200,0,0,0,0,0,6.53E-07,0.00477596,0.073166614,0.170111605,0.288240296,0.27399032,0.374261831,0.472196476,0.406410539,0.413471218,0.404919831,0.251862602,0.072046867,1.07E-05,0,0,0,0,0
201,0,0,0,0,0,5.57E-05,0.024900379,0.215770602,0.436135997,0.638898849,0.794826294,0.890058936,0.909811613,0.860395726,0.743647171,0.563702878,0.346589798,0.12837254,0.000524911,0,0,0,0,0
202,0,0,0,0,0,7.39E-07,0.012119405,0.120051649,0.255983946,0.387064961,0.513017419,0.474127533,0.579472239,0.584929113,0.463609239,0.413398337,0.267102038,0.092960188,1.55E-05,0,0,0,0,0
203,0,0,0,0,0,6.67E-07,0.008111559,0.094343227,0.111190164,0.163091852,0.177996692,0.374367393,0.33169531,0.301273911,0.282144576,0.205880044,0.147703408,0.062004641,7.20E-06,0,0,0,0,0
204,0,0,0,0,0,4.36E-05,0.025590945,0.221018739,0.446574345,0.654522989,0.809205774,0.898754159,0.915770968,0.869393348,0.748530015,0.564593972,0.348441411,0.129120668,0.000493282,0,0,0,0,0
205,0,0,0,0,0,1.36E-05,0.010996655,0.17136395,0.238712043,0.249090979,0.297348232,0.30401297,0.257825783,0.216521381,0.147305936,0.145858764,0.159235432,0.121093513,0.000163396,0,0,0,0,0
206,0,0,0,0,0,1.38E-05,0.009099938,0.061323659,0.115308346,0.196367166,0.137459998,0.19344591,0.397412353,0.309577132,0.195817993,0.222752545,0.113865075,0.046812722,0.000209463,0,0,0,0,0
207,0,0,0,0,0,5.90E-07,0.007425899,0.068175715,0.064533201,0.072306737,0.174178202,0.115894768,0.066768168,0.033613644,0.015222601,0.012703356,0.010616503,0.007189962,5.69E-07,0,0,0,0,0
208,0,0,0,0,0,2.64E-05,0.025455281,0.221694384,0.448717345,0.651849296,0.809130503,0.901097151,0.930196568,0.878253964,0.756731033,0.575819168,0.352160121,0.128622296,0.0004496,0,0,0,0,0
209,0,0,0,0,0,1.91E-05,0.016285046,0.162397546,0.280330673,0.431045095,0.566435657,0.65636786,0.584703759,0.640900824,0.458123053,0.275609833,0.249712992,0.075895958,0.000325094,0,0,0,0,0
210,0,0,0,0,0,1.26E-05,0.016626434,0.12428513,0.225761379,0.457858472,0.499931965,0.46036577,0.612725497,0.48461556,0.5299983,0.414661666,0.212475633,0.084994337,0.000308547,0,0,0,0,0
211,0,0,0,0,0,1.26E-07,0.006326041,0.060353062,0.146287747,0.254563974,0.273305503,0.323589608,0.233799941,0.18830188,0.243458162,0.185264233,0.113524861,0.057379472,5.24E-06,0,0,0,0,0
212,0,0,0,0,0,1.26E-05,0.025283141,0.219945009,0.448015171,0.657818435,0.816821001,0.908253671,0.931055063,0.878512563,0.752329355,0.566895622,0.34637372,0.126506194,0.000395187,0,0,0,0,0
213,0,0,0,0,0,9.71E-06,0.025205491,0.22202542,0.452369582,0.661618678,0.819032524,0.914150892,0.937437054,0.877288333,0.755260324,0.573769749,0.349243992,0.127895167,0.000389548,0,0,0,0,0
214,0,0,0,0,0,1.89E-07,0.017765475,0.149827719,0.309812412,0.372174992,0.44259129,0.596836343,0.682162067,0.644896641,0.540676473,0.467147751,0.292155993,0.120559856,1.32E-05,0,0,0,0,0
215,0,0,0,0,0,1.30E-07,0.020952935,0.185277059,0.400749938,0.563662327,0.625422544,0.524334199,0.463069385,0.568241174,0.455142059,0.277384352,0.148057871,0.056006621,6.64E-06,0,0,0,0,0
216,0,0,0,0,0,1.93E-08,0.003990502,0.03411253,0.073889428,0.191971784,0.264022325,0.248888404,0.257508394,0.333685182,0.337154856,0.187635778,0.215163693,0.06888323,8.69E-06,0,0,0,0,0
217,0,0,0,0,0,5.87E-07,0.013329974,0.158888029,0.228820601,0.302781894,0.338597073,0.356524852,0.399642721,0.414141578,0.366386323,0.277629044,0.243393161,0.127584558,0.000319474,0,0,0,0,0
218,0,0,0,0,0,0,0.02429654,0.216143264,0.444465869,0.653410166,0.812551146,0.905584308,0.924166805,0.869618995,0.746171008,0.567966285,0.349792457,0.127083171,0.000327765,0,0,0,0,0
219,0,0,0,0,0,0,0.007618372,0.119303316,0.274879972,0.321463803,0.386925924,0.500716878,0.558151383,0.452961998,0.313632394,0.181405377,0.151626084,0.087446024,7.40E-06,0,0,0,0,0
220,0,0,0,0,0,0,0.01365979,0.135493568,0.164006369,0.221129071,0.257618375,0.174589967,0.141426607,0.227641774,0.173203123,0.1559361,0.109009359,0.103748255,8.37E-05,0,0,0,0,0
221,0,0,0,0,0,0,0.016931869,0.165700518,0.336989527,0.491548625,0.719530269,0.821021582,0.83607913,0.761906417,0.607801455,0.405452822,0.170752638,0.063095842,4.03E-06,0,0,0,0,0
222,0,0,0,0,0,0,0.024186813,0.218702048,0.448445559,0.658594702,0.819408039,0.906869939,0.931509608,0.875647728,0.751534885,0.570043562,0.34699686,0.12480059,0.00027086,0,0,0,0,0
223,0,0,0,0,0,0,0.024135317,0.216787201,0.446570477,0.658098586,0.819421548,0.912412609,0.936264029,0.880206572,0.759940243,0.569819572,0.346692267,0.124103812,0.000259087,0,0,0,0,0
224,0,0,0,0,0,0,0.023854626,0.215857392,0.445193536,0.65450275,0.814343635,0.906313833,0.927998737,0.875906914,0.750600922,0.567176133,0.344641614,0.123484458,0.000244069,0,0,0,0,0
225,0,0,0,0,0,0,0.023987247,0.219306144,0.453549009,0.669236662,0.833170874,0.926246899,0.949011237,0.892698235,0.765069474,0.579915443,0.351834552,0.125438326,0.00023529,0,0,0,0,0
226,0,0,0,0,0,0,0.020846516,0.188265302,0.360431567,0.454062914,0.53015198,0.741588316,0.706641605,0.533194959,0.47232898,0.323334522,0.175040298,0.064184754,4.22E-06,0,0,0,0,0
227,0,0,0,0,0,0,0.023509413,0.216398438,0.446267542,0.662133723,0.828353269,0.932252099,0.953496441,0.898315834,0.776201084,0.583165577,0.354677736,0.126067318,0.000213831,0,0,0,0,0
228,0,0,0,0,0,0,0.017959267,0.181449776,0.375284728,0.392239354,0.40696969,0.367727903,0.433558656,0.360080022,0.306699753,0.177767935,0.103275489,0.053422551,3.09E-06,0,0,0,0,0
229,0,0,0,0,0,0,0.019774335,0.1798739,0.382229201,0.587049874,0.793213249,0.898648976,0.926532177,0.846580309,0.641752337,0.485541438,0.273305675,0.102953371,6.33E-06,0,0,0,0,0
230,0,0,0,0,0,0,0.017433429,0.167889843,0.378670255,0.601994861,0.802476619,0.923768845,0.951561068,0.880913686,0.742469032,0.514854382,0.286227804,0.095061369,0.000118884,0,0,0,0,0
231,0,0,0,0,0,0,0.023248574,0.218520174,0.456037853,0.671062605,0.836556763,0.93222061,0.958608449,0.898356563,0.76809609,0.581241425,0.352000269,0.123461671,0.000161474,0,0,0,0,0
232,0,0,0,0,0,0,0.02283415,0.215660728,0.449325278,0.664523872,0.82728595,0.930467773,0.951615041,0.891356718,0.760781974,0.571670057,0.346038596,0.122330506,0.00014914,0,0,0,0,0
233,0,0,0,0,0,0,0.006280005,0.04273574,0.065368044,0.1013992,0.171786583,0.213823068,0.200790565,0.204755367,0.158663614,0.092969671,0.039419591,0.022901457,8.54E-07,0,0,0,0,0
234,0,0,0,0,0,0,0.015329852,0.089908406,0.107145864,0.145657493,0.190142344,0.158433019,0.203374435,0.206817425,0.115837368,0.093938929,0.079650717,0.08067821,5.28E-05,0,0,0,0,0
235,0,0,0,0,0,0,0.02211984,0.214078711,0.451365011,0.675407058,0.84612356,0.941770283,0.965069629,0.910983496,0.782451321,0.583866431,0.353215027,0.122524655,0.000116231,0,0,0,0,0
236,0,0,0,0,0,0,0.01022694,0.079423773,0.114014506,0.145218431,0.127900153,0.15123653,0.200151603,0.290990609,0.289958344,0.210819242,0.137636889,0.087757884,6.72E-05,0,0,0,0,0
237,0,0,0,0,0,0,0.010848577,0.063334209,0.266261772,0.414070652,0.47935122,0.510353918,0.607442383,0.56239077,0.559684345,0.480224485,0.278586848,0.098789906,2.50E-06,0,0,0,0,0
238,0,0,0,0,0,0,0.0216353,0.213533535,0.450930881,0.6751715,0.842732633,0.936716889,0.959368765,0.900306095,0.77231248,0.581418949,0.353102722,0.121382336,8.51E-05,0,0,0,0,0
239,0,0,0,0,0,0,0.015958578,0.183426992,0.387806495,0.649632259,0.794748386,0.86297728,0.780630093,0.809669134,0.589451567,0.40268588,0.310251563,0.111633292,2.73E-06,0,0,0,0,0
240,0,0,0,0,0,0,0.021209622,0.212307957,0.451845914,0.67655852,0.850112105,0.950194272,0.973224519,0.915988763,0.784213429,0.590442808,0.354793677,0.121061831,6.62E-05,0,0,0,0,0
241,0,0,0,0,0,0,0.012014712,0.123551955,0.236441078,0.324072587,0.455402859,0.541877784,0.454953117,0.405950633,0.309186188,0.19768865,0.171742222,0.054744694,1.11E-06,0,0,0,0,0
242,0,0,0,0,0,0,0.020684697,0.210524945,0.446588542,0.666098775,0.835936299,0.939632923,0.959606701,0.90028953,0.769990379,0.576567657,0.346386678,0.116976136,4.79E-05,0,0,0,0,0
243,0,0,0,0,0,0,0.020459191,0.211605747,0.450899613,0.669481526,0.835123368,0.932903125,0.957381088,0.89951925,0.767073702,0.574929829,0.345880847,0.116288758,4.00E-05,0,0,0,0,0
244,0,0,0,0,0,0,0.015193964,0.142882646,0.295143741,0.446981094,0.577517608,0.662686262,0.770110224,0.7198959,0.607380394,0.495619422,0.29889014,0.109926031,1.21E-06,0,0,0,0,0
245,0,0,0,0,0,0,0.006522903,0.068243957,0.103911497,0.226998932,0.185990044,0.180218545,0.256050412,0.21766521,0.189613015,0.142678652,0.07541198,0.017455615,1.77E-07,0,0,0,0,0
246,0,0,0,0,0,0,0.019192711,0.206314321,0.44259859,0.6623397,0.830861959,0.931574064,0.95322959,0.896520382,0.765474101,0.572319535,0.340490343,0.113140165,2.03E-05,0,0,0,0,0
247,0,0,0,0,0,0,0.008214245,0.088518762,0.096746433,0.137717332,0.258474822,0.277006239,0.282340178,0.317233824,0.329316071,0.215481727,0.162463419,0.067272935,4.31E-07,0,0,0,0,0
248,0,0,0,0,0,0,0.010459545,0.122409134,0.240404846,0.392657899,0.419118749,0.450364707,0.497140543,0.357292271,0.262979416,0.265342435,0.121166758,0.030419332,1.01E-07,0,0,0,0,0
249,0,0,0,0,0,0,0.014564225,0.152435481,0.304674291,0.480244813,0.554348753,0.509847837,0.517948804,0.316805365,0.224407025,0.119173439,0.081277607,0.031527001,2.10E-06,0,0,0,0,0
250,0,0,0,0,0,0,0.017849258,0.204541069,0.445914683,0.666645576,0.841623727,0.942199177,0.965204279,0.909113483,0.777778043,0.578148445,0.343216016,0.111128073,4.04E-06,0,0,0,0,0
251,0,0,0,0,0,0,0.00864488,0.110441171,0.206087426,0.236097579,0.215503492,0.277049035,0.518662759,0.411293951,0.272440211,0.238771799,0.126686731,0.035883109,6.95E-07,0,0,0,0,0
252,0,0,0,0,0,0,0.014010469,0.192925061,0.446186268,0.675785744,0.8573023,0.961834147,0.941329175,0.82892177,0.643706041,0.435119232,0.27314556,0.081038932,0,0,0,0,0,0
253,0,0,0,0,0,0,0.010722522,0.149275076,0.293001531,0.419708478,0.481481908,0.502041168,0.431223549,0.432116431,0.357140315,0.270902514,0.158378703,0.045976578,0,0,0,0,0,0
254,0,0,0,0,0,0,0.010797052,0.150408037,0.349834181,0.518441899,0.654945066,0.811373726,0.831270845,0.778866004,0.741955683,0.580011845,0.336427494,0.098621628,0,0,0,0,0,0
255,0,0,0,0,0,0,0.015754912,0.199644513,0.441526249,0.669569933,0.843705885,0.946631359,0.971302097,0.917824072,0.789796539,0.589570519,0.346780223,0.109589756,0,0,0,0,0,0
256,0,0,0,0,0,0,0.01362629,0.168166182,0.395395823,0.55081302,0.693078513,0.831768263,0.75212413,0.736874564,0.63981237,0.480838097,0.195614101,0.057624218,0,0,0,0,0,0
257,0,0,0,0,0,0,0.004426711,0.037455221,0.082711301,0.188355103,0.278840994,0.240464517,0.287571597,0.279833917,0.353782508,0.204187827,0.076152463,0.033772203,0,0,0,0,0,0
258,0,0,0,0,0,0,0.005602289,0.03012475,0.065541562,0.103939999,0.13264675,0.138912865,0.15715291,0.146095231,0.08250756,0.070896815,0.047950498,0.020855132,0,0,0,0,0,0
259,0,0,0,0,0,0,0.010984452,0.170805438,0.339540121,0.427993968,0.68462034,0.796350112,0.840765236,0.834348598,0.657088323,0.41940585,0.270743324,0.073749355,0,0,0,0,0,0
260,0,0,0,0,0,0,0.013225044,0.194339963,0.438791241,0.662369215,0.837029915,0.945640793,0.96905644,0.911856022,0.778100198,0.577101633,0.332946506,0.101643571,0,0,0,0,0,0
261,0,0,0,0,0,0,0.002573249,0.026652077,0.05343532,0.040247194,0.065877159,0.112619631,0.063645278,0.061110042,0.029492632,0.026968542,0.050702398,0.011627914,0,0,0,0,0,0
262,0,0,0,0,0,0,0.002431178,0.03681541,0.062437777,0.084397237,0.142115228,0.212992447,0.278115484,0.211032173,0.210778152,0.139763918,0.093972274,0.023493439,0,0,0,0,0,0
263,0,0,0,0,0,0,0.004668541,0.082800216,0.16757633,0.260567609,0.240795776,0.202818791,0.272477745,0.246378667,0.179818877,0.12555951,0.126709344,0.041836703,0,0,0,0,0,0
264,0,0,0,0,0,0,0.000733576,0.005491532,0.016082028,0.023641357,0.019797729,0.025775122,0.018437064,0.012021853,0.022040902,0.021310861,0.011705327,0.002644781,0,0,0,0,0,0
265,0,0,0,0,0,0,0.000935543,0.014327775,0.027866752,0.058348378,0.116511502,0.07907952,0.10920951,0.095602732,0.042748037,0.036914292,0.022178863,0.005235089,0,0,0,0,0,0
266,0,0,0,0,0,0,0.009661423,0.190304221,0.442075398,0.67571082,0.856006866,0.964636249,0.987985371,0.923419156,0.781824289,0.574831053,0.329450104,0.095535163,0,0,0,0,0,0
267,0,0,0,0,0,0,0.009003354,0.190425802,0.442487898,0.678039348,0.859986907,0.967610608,0.991257214,0.930754363,0.788631494,0.578168694,0.330508698,0.093314176,0,0,0,0,0,0
268,0,0,0,0,0,0,0.001488957,0.049227292,0.163790931,0.256390246,0.228585076,0.229770232,0.372737915,0.344740436,0.184244627,0.162239136,0.05066647,0.018831568,0,0,0,0,0,0
269,0,0,0,0,0,0,0.00740511,0.183501494,0.431156269,0.659566419,0.838595139,0.940230295,0.964229361,0.907021708,0.767831222,0.567768365,0.326040837,0.090433565,0,0,0,0,0,0
270,0,0,0,0,0,0,0.001727155,0.065981283,0.086700253,0.064276346,0.082878067,0.266766903,0.488445248,0.494551881,0.309247707,0.193340815,0.120259428,0.025942509,0,0,0,0,0,0
271,0,0,0,0,0,0,0.006041764,0.179664652,0.428398477,0.661995201,0.84414367,0.951607619,0.975936661,0.909534726,0.768249784,0.561223004,0.318558699,0.08673112,0,0,0,0,0,0
272,0,0,0,0,0,0,0.003043604,0.104346202,0.281058942,0.520494635,0.642878734,0.638775367,0.698238262,0.62362325,0.439759731,0.414707485,0.235448504,0.052625532,0,0,0,0,0,0
273,0,0,0,0,0,0,0.000330095,0.028484203,0.077956657,0.159900431,0.240729008,0.284817058,0.26481512,0.254406573,0.211322008,0.154768681,0.073992298,0.009614934,0,0,0,0,0,0
274,0,0,0,0,0,0,2.98E-05,0.039674543,0.21778036,0.267087997,0.182395238,0.082613941,0.111872898,0.177383685,0.150023194,0.104485229,0.057001719,0.022792341,0,0,0,0,0,0
275,0,0,0,0,0,0,5.77E-05,0.082987457,0.17613764,0.305706401,0.546210442,0.655271658,0.719566783,0.684840535,0.452278237,0.278504552,0.176421538,0.051981372,0,0,0,0,0,0
276,0,0,0,0,0,0,0,0.171215344,0.417932296,0.647312297,0.828870697,0.937238406,0.961546277,0.903550536,0.760783224,0.555560159,0.310248327,0.079096138,0,0,0,0,0,0
277,0,0,0,0,0,0,0,0.172337492,0.426118728,0.663981773,0.847806721,0.956886978,0.981493077,0.92008779,0.777124502,0.567230903,0.315998375,0.079035783,0,0,0,0,0,0
278,0,0,0,0,0,0,0,0.164630791,0.409067672,0.637477909,0.814431482,0.918925867,0.941516344,0.882432509,0.745863265,0.543619792,0.30202592,0.074319626,0,0,0,0,0,0
279,0,0,0,0,0,0,0,0.005919068,0.019622111,0.03083626,0.06259958,0.047512847,0.047685647,0.049280657,0.040553313,0.056500817,0.02225063,0.005106957,0,0,0,0,0,0
280,0,0,0,0,0,0,0,0.023380205,0.065980904,0.081071261,0.105619305,0.125183302,0.104525008,0.08026171,0.103745946,0.067323859,0.033860263,0.005222313,0,0,0,0,0,0
281,0,0,0,0,0,0,0,0.006846289,0.036011113,0.175341382,0.244811966,0.218291533,0.218773535,0.203665422,0.213424654,0.201490731,0.097664524,0.034239318,0,0,0,0,0,0
282,0,0,0,0,0,0,0,0.048067582,0.137302709,0.19186201,0.323896267,0.349201492,0.451994796,0.290411249,0.313397154,0.106241528,0.024546397,0.004562396,0,0,0,0,0,0
283,0,0,0,0,0,0,0,0.155288353,0.400242064,0.630495673,0.81018759,0.91817723,0.949821284,0.896453006,0.752804964,0.546691755,0.298958051,0.066779401,0,0,0,0,0,0
284,0,0,0,0,0,0,0,0.158143483,0.409425691,0.643049726,0.829886999,0.93735622,0.962864581,0.903863936,0.756465275,0.549623321,0.299503573,0.065456634,0,0,0,0,0,0
285,0,0,0,0,0,0,0,0.088663134,0.302703133,0.383604901,0.500168376,0.652438827,0.759956627,0.811113853,0.746652177,0.536347917,0.274246918,0.059983917,0,0,0,0,0,0
286,0,0,0,0,0,0,0,0.030335752,0.122927121,0.268082989,0.319551846,0.408017598,0.30674732,0.168775636,0.231669,0.228506519,0.154929725,0.034147592,0,0,0,0,0,0
287,0,0,0,0,0,0,0,0.086730923,0.250859427,0.289307649,0.340612229,0.40635128,0.437657797,0.380260716,0.299182745,0.183354042,0.120473397,0.029359908,0,0,0,0,0,0
288,0,0,0,0,0,0,0,0.005105776,0.037009682,0.05555785,0.123294225,0.119422952,0.142969892,0.160571244,0.137900024,0.117281655,0.057262228,0.006121514,0,0,0,0,0,0
289,0,0,0,0,0,0,0,0.143667501,0.391154852,0.624084619,0.798894158,0.906845554,0.929140978,0.868380268,0.730597027,0.526202138,0.282673311,0.053849669,0,0,0,0,0,0
290,0,0,0,0,0,0,0,0.007459746,0.018935693,0.039225326,0.078674248,0.147230768,0.17242862,0.195978986,0.212540659,0.210015217,0.160210635,0.001047059,0,0,0,0,0,0
291,0,0,0,0,0,0,0,0.140187169,0.387410053,0.62054381,0.802395219,0.908915692,0.93099117,0.865939496,0.723227491,0.520285116,0.277439043,0.049985384,0,0,0,0,0,0
292,0,0,0,0,0,0,0,0.139404228,0.390458865,0.62605246,0.809981217,0.917687626,0.944688901,0.882409609,0.741875672,0.532241694,0.282293552,0.048904973,0,0,0,0,0,0
293,0,0,0,0,0,0,0,0.07665963,0.296713351,0.492634839,0.550017501,0.619250178,0.570862991,0.567286233,0.537955235,0.319554644,0.157254957,0.019210388,0,0,0,0,0,0
294,0,0,0,0,0,0,0,0.132009073,0.378553074,0.608719135,0.786677453,0.888974454,0.915448322,0.85632189,0.716190334,0.512823368,0.26910911,0.043565432,0,0,0,0,0,0
295,0,0,0,0,0,0,0,0.096821304,0.236723167,0.443681588,0.531216821,0.53648842,0.690873999,0.729702071,0.671472069,0.487004526,0.253014076,0.001566444,0,0,0,0,0,0
296,0,0,0,0,0,0,0,0.042352703,0.103851735,0.102197754,0.026166625,0.013888284,0.016325861,0.023985079,0.071222053,0.088972748,0.049059744,0.016274118,0,0,0,0,0,0
297,0,0,0,0,0,0,0,0.128528084,0.381791716,0.621490751,0.804989345,0.914006072,0.938110564,0.872214292,0.729932324,0.520147616,0.269336282,0.037462921,0,0,0,0,0,0
298,0,0,0,0,0,0,0,0.068519949,0.244905628,0.327877142,0.307477704,0.364957171,0.340195385,0.415768019,0.533726322,0.384269267,0.170264446,0.00088993,0,0,0,0,0,0
299,0,0,0,0,0,0,0,0.085656538,0.307233385,0.467252679,0.485211677,0.627967155,0.619129132,0.662179275,0.550320172,0.410832931,0.180337062,0.000715875,0,0,0,0,0,0
300,0,0,0,0,0,0,0,0.014126127,0.051770661,0.119960145,0.162943448,0.166163979,0.175179766,0.168069001,0.125174501,0.052625887,0.021571995,0.003057534,0,0,0,0,0,0
301,0,0,0,0,0,0,0,0.115237158,0.360497948,0.591410912,0.76804901,0.874675619,0.897099565,0.839312927,0.707082903,0.501476891,0.253780276,0.027452473,0,0,0,0,0,0
302,0,0,0,0,0,0,0,0.116169931,0.366605885,0.604814467,0.786474292,0.894161339,0.91788259,0.861377198,0.719774644,0.509522795,0.258018916,0.026040527,0,0,0,0,0,0
303,0,0,0,0,0,0,0,0.001509907,0.133127569,0.104519296,0.231004672,0.3083115,0.411526032,0.294630156,0.154345929,0.099368518,0.042537531,0.000327789,0,0,0,0,0,0
304,0,0,0,0,0,0,0,0.056354361,0.12490776,0.166256793,0.26448744,0.25197837,0.206420522,0.143621533,0.084460091,0.04131183,0.028170988,0.004505537,0,0,0,0,0,0
305,0,0,0,0,0,0,0,0.003973946,0.007491199,0.007791959,0.0229997,0.022790348,0.036448646,0.034967488,0.020429982,0.01892523,0.009646869,0.001099473,0,0,0,0,0,0
306,0,0,0,0,0,0,0,0.007596519,0.028766811,0.021154872,0.020029892,0.009937835,0.011075149,0.006378935,0.004888006,0.006650935,0.00325112,0.000815059,0,0,0,0,0,0
307,0,0,0,0,0,0,0,0.103356397,0.353867718,0.591577891,0.771908068,0.877782738,0.899588145,0.846012912,0.701797007,0.493945156,0.243933768,0.015847681,0,0,0,0,0,0
308,0,0,0,0,0,0,0,0.100769255,0.35097549,0.591501411,0.771803125,0.881831466,0.903304069,0.841414251,0.700005561,0.489999085,0.241060682,0.014132707,0,0,0,0,0,0
309,0,0,0,0,0,0,0,0.097410463,0.344467013,0.575044918,0.752069031,0.862123062,0.886225312,0.822282172,0.682334246,0.480914226,0.234224107,0.012312945,0,0,0,0,0,0
310,0,0,0,0,0,0,0,0.021725348,0.148794602,0.149001056,0.285725964,0.308581324,0.325562825,0.284771844,0.168366424,0.118555792,0.051335193,0,0,0,0,0,0,0
311,0,0,0,0,0,0,0,0.0923711,0.34077015,0.579510299,0.761641859,0.872426577,0.895290789,0.834181779,0.689313254,0.478196199,0.230190079,0,0,0,0,0,0,0
312,0,0,0,0,0,0,0,0.003431685,0.321429296,0.545751361,0.696584921,0.826493022,0.767037242,0.627924331,0.439835535,0.281494968,0.132501097,0,0,0,0,0,0,0
313,0,0,0,0,0,0,0,0.08673827,0.33064301,0.560790219,0.740663505,0.846200431,0.868582447,0.808289976,0.670650215,0.465580576,0.22167169,0,0,0,0,0,0,0
314,0,0,0,0,0,0,0,0.00116761,0.087295093,0.257149297,0.259862162,0.252632402,0.144796531,0.078955744,0.034263111,0.008613076,0.005753189,0,0,0,0,0,0,0
315,0,0,0,0,0,0,0,0.001308488,0.196846216,0.249877799,0.336090053,0.423751072,0.407684538,0.377400217,0.333864937,0.217452469,0.133786763,0,0,0,0,0,0,0
316,0,0,0,0,0,0,0,0.054798821,0.200896181,0.370979397,0.431359871,0.556179121,0.498203595,0.600132689,0.566111616,0.433648868,0.184289369,0,0,0,0,0,0,0
317,0,0,0,0,0,0,0,0.006642558,0.017451323,0.050531177,0.097672821,0.123235656,0.110364453,0.105732339,0.085595495,0.053634478,0.019127573,0,0,0,0,0,0,0
318,0,0,0,0,0,0,0,0.002972652,0.017186849,0.043298921,0.050568292,0.045544095,0.056817431,0.042544174,0.04371602,0.024466464,0.011225007,0,0,0,0,0,0,0
319,0,0,0,0,0,0,0,0.001713222,0.262136464,0.445069373,0.583732959,0.722823669,0.729673657,0.712417697,0.522804347,0.3055846,0.159879615,0,0,0,0,0,0,0
320,0,0,0,0,0,0,0,0.038705474,0.134810603,0.216264258,0.319047032,0.390402661,0.351577324,0.362091025,0.194231166,0.172209338,0.093878611,0,0,0,0,0,0,0
321,0,0,0,0,0,0,0,0.001753288,0.197190117,0.44482622,0.582926891,0.709512335,0.750289388,0.742313939,0.606005722,0.380260237,0.152312352,0,0,0,0,0,0,0
322,0,0,0,0,0,0,0,0.001121606,0.086285512,0.13154201,0.076708675,0.119533198,0.071738758,0.126983731,0.13046394,0.06877378,0.042415171,0,0,0,0,0,0,0
323,0,0,0,0,0,0,0,0.064428971,0.310570943,0.543104783,0.722528927,0.824295161,0.851965927,0.79395541,0.655395999,0.450787168,0.203733585,0,0,0,0,0,0,0
324,0,0,0,0,0,0,0,0.061238136,0.304685362,0.535288723,0.712164544,0.81587561,0.839036467,0.781890621,0.644955925,0.440506905,0.197437341,0,0,0,0,0,0,0
325,0,0,0,0,0,0,0,0.059090129,0.303325436,0.535999247,0.714441866,0.818387818,0.844488574,0.791068418,0.647652578,0.442460031,0.197624151,0,0,0,0,0,0,0
326,0,0,0,0,0,0,0,0.00382451,0.011445128,0.035895927,0.080692676,0.035626735,0.022815947,0.014389826,0.019853345,0.00982837,0.004160021,0,0,0,0,0,0,0
327,0,0,0,0,0,0,0,0.001093998,0.086515847,0.238965279,0.389114659,0.542096663,0.654598085,0.561203063,0.433775098,0.366875511,0.007080297,0,0,0,0,0,0,0
328,0,0,0,0,0,0,0,0.001765294,0.244105901,0.407319735,0.489951909,0.588855957,0.671054915,0.547213948,0.421071394,0.276222967,0.002951006,0,0,0,0,0,0,0
329,0,0,0,0,0,0,0,0.051925474,0.299049416,0.532888548,0.709502827,0.815053301,0.838949777,0.781774784,0.642515771,0.436590364,0.189103882,0,0,0,0,0,0,0
330,0,0,0,0,0,0,0,0.025247488,0.086654354,0.10069246,0.122331842,0.075890652,0.08540938,0.046659693,0.047333374,0.013370309,0.002917465,0,0,0,0,0,0,0
331,0,0,0,0,0,0,0,0.026908262,0.094887704,0.151007719,0.191137181,0.196746713,0.248614757,0.349561442,0.290998917,0.198474469,0.073177444,0,0,0,0,0,0,0
332,0,0,0,0,0,0,0,0.046797765,0.294577669,0.531459078,0.713010987,0.822745216,0.852311134,0.788242142,0.642445675,0.434620019,0.187551679,0,0,0,0,0,0,0
333,0,0,0,0,0,0,0,0.013735489,0.066260024,0.068382237,0.08787691,0.08260999,0.093254306,0.075317136,0.074072568,0.134553657,0.109539965,0,0,0,0,0,0,0
334,0,0,0,0,0,0,0,0.043281192,0.291968286,0.528522151,0.708612119,0.821814102,0.843989241,0.784765442,0.640916089,0.428095564,0.181084856,0,0,0,0,0,0,0
335,0,0,0,0,0,0,0,0.000733695,0.15792645,0.326302762,0.4571636,0.498838067,0.515692047,0.425869583,0.399374201,0.234669228,0.002408445,0,0,0,0,0,0,0
336,0,0,0,0,0,0,0,0.000921932,0.179692895,0.334885741,0.458569692,0.634102725,0.662116601,0.499396196,0.481362914,0.307981146,0.00495794,0,0,0,0,0,0,0
337,0,0,0,0,0,0,0,0.000358909,0.035715827,0.042088151,0.070319927,0.108885682,0.154722042,0.092032714,0.170897797,0.129611327,0.002765052,0,0,0,0,0,0,0
338,0,0,0,0,0,0,0,0.020776721,0.115159825,0.187023614,0.219243331,0.328269119,0.371137607,0.378974265,0.385065108,0.268260968,0.118395817,0,0,0,0,0,0,0
339,0,0,0,0,0,0,0,0.011324484,0.019620792,0.019375479,0.012448547,0.030857236,0.040689018,0.016072824,0.045362603,0.021852172,0.033320996,0,0,0,0,0,0,0
340,0,0,0,0,0,0,0,0.035644424,0.284266238,0.52118868,0.699875315,0.809613318,0.831947519,0.772098361,0.631275852,0.424835194,0.175519255,0,0,0,0,0,0,0
341,0,0,0,0,0,0,0,0.034545902,0.28253799,0.518410501,0.702370853,0.806264796,0.829951657,0.771218012,0.63216853,0.426864909,0.176575677,0,0,0,0,0,0,0
342,0,0,0,0,0,0,0,0.033665308,0.283311086,0.520442145,0.705267908,0.813223866,0.838463106,0.777298901,0.637327262,0.427491691,0.175860072,0,0,0,0,0,0,0
343,0,0,0,0,0,0,0,0.000472274,0.172533338,0.22776164,0.39671742,0.443402091,0.494362083,0.377215881,0.222025121,0.167842702,0.003736701,0,0,0,0,0,0,0
344,0,0,0,0,0,0,0,0.000683477,0.003440414,0.010552615,0.012260001,0.020681363,0.027908224,0.018644389,0.014752057,0.005328601,0.002618798,0,0,0,0,0,0,0
345,0,0,0,0,0,0,0,0.00101924,0.255243306,0.420767319,0.615701193,0.730410349,0.782498942,0.70239377,0.528380426,0.361765716,0.006531204,0,0,0,0,0,0,0
346,0,0,0,0,0,0,0,0.021791583,0.177376097,0.341764473,0.558204514,0.627661778,0.615356961,0.564031898,0.505036625,0.309500262,0.135651652,0,0,0,0,0,0,0
347,0,0,0,0,0,0,0,0.004892856,0.029680548,0.022646975,0.0222912,0.035695948,0.058356656,0.089422705,0.0463925,0.013939554,0.00967719,0,0,0,0,0,0,0
348,0,0,0,0,0,0,0,0.000629943,0.108271086,0.115732262,0.161844035,0.144085662,0.144943732,0.137113113,0.145237605,0.042788469,0.001058501,0,0,0,0,0,0,0
349,0,0,0,0,0,0,0,0.000797609,0.223023418,0.403437002,0.485883876,0.639255252,0.667233479,0.565576831,0.47509038,0.295649708,0.00524582,0,0,0,0,0,0,0
350,0,0,0,0,0,0,0,0.017513561,0.167364449,0.343152029,0.412027487,0.316970034,0.221687015,0.194727926,0.072298136,0.064743273,0.014843774,0,0,0,0,0,0,0
351,0,0,0,0,0,0,0,0.005110187,0.024471918,0.04181087,0.054782203,0.053472465,0.107010422,0.087925318,0.079809809,0.040087784,0.019872965,0,0,0,0,0,0,0
352,0,0,0,0,0,0,0,0.02818994,0.275938635,0.512784309,0.693731504,0.796199615,0.823835727,0.765955232,0.625120583,0.418078109,0.168517018,0,0,0,0,0,0,0
353,0,0,0,0,0,0,0,0.021484009,0.226652381,0.416518611,0.492067761,0.620311049,0.583952457,0.540217101,0.347211336,0.342724234,0.145738801,0,0,0,0,0,0,0
354,0,0,0,0,0,0,0,0.026465331,0.258732146,0.476342172,0.568656827,0.576226113,0.670006456,0.589935654,0.318331893,0.238663585,0.144784668,0,0,0,0,0,0,0
355,0,0,0,0,0,0,0,0.027766428,0.274183725,0.509666032,0.689972288,0.794615556,0.815491941,0.757801064,0.618525248,0.413446224,0.165840841,0,0,0,0,0,0,0
356,0,0,0,0,0,0,0,0.027935973,0.274882067,0.509692111,0.686664576,0.79689153,0.821804907,0.760531456,0.619334797,0.414676624,0.166215566,0,0,0,0,0,0,0
357,0,0,0,0,0,0,0,0.027774663,0.274384183,0.508051121,0.690657135,0.798009671,0.824324698,0.766797411,0.62617742,0.419456576,0.169439935,0,0,0,0,0,0,0
358,0,0,0,0,0,0,0,0.028158732,0.274171361,0.509565046,0.684964464,0.786545921,0.809039085,0.751536941,0.610716204,0.406386961,0.1638556,0,0,0,0,0,0,0
359,0,0,0,0,0,0,0,0.028321656,0.276228339,0.511304263,0.685962553,0.788929787,0.81099426,0.750669633,0.612073647,0.407241594,0.164273313,0,0,0,0,0,0,0
360,0,0,0,0,0,0,0,0.028297019,0.27253337,0.503688667,0.67969499,0.786181134,0.811364816,0.756447676,0.620076384,0.413900805,0.166351361,0,0,0,0,0,0,0
361,0,0,0,0,0,0,0,0.000834437,0.208900512,0.375118927,0.499032699,0.485578105,0.395565972,0.266840777,0.20076986,0.09012694,0.002065766,0,0,0,0,0,0,0
362,0,0,0,0,0,0,0,2.11E-05,0.014601818,0.044760324,0.115637308,0.150788824,0.087436824,0.063034154,0.028069846,0.017097684,0.000360656,0,0,0,0,0,0,0
363,0,0,0,0,0,0,0,0.030303094,0.276409537,0.508665045,0.690371248,0.792161553,0.812126021,0.756248865,0.613950345,0.411143601,0.166888584,0,0,0,0,0,0,0
364,0,0,0,0,0,0,0,0.001088145,0.250011724,0.503902806,0.673295342,0.781620204,0.812047839,0.752699466,0.625933914,0.417774057,0.00658298,0,0,0,0,0,0,0
365,0,0,0,0,0,0,0,0.016262322,0.131480566,0.359272606,0.538257122,0.646465854,0.577939339,0.48899,0.403036942,0.259146869,0.13782849,0,0,0,0,0,0,0
